ObjectID,GlobalID,Location ID,New Site?,Directions to Site,Site Name,Deployment Date,Deployment Contact,Deployment Agency,Enter other Agency,Recovery Date,Other Contacts,Land Ownership,Enter other Land Ownership,Ownership Details,Detector Serial No.,CF Card ID No.,Microphone Height (m),Microphone Orientation,Distance to Clutter (m),Clutter Category,Clutter Type,Enter other Clutter Type,Photo Direction,Did you use the standard detector settings (see field manual for standard settings)?,SAMP. FREQ,PRETRIG,REC. LEN,HP-FILTER,AUTOREC,T. SENSE,INPUT GAIN,TRIG LEV,INTERVAL,TIMER ON,TIMER OFF,Habitat (choose one),"For a category (e.g., Meadow), select a detection target (e.g., large)",Waterbody,Dry Water Feature,Rock Feature,Meadow,Forest Edge,Forest Opening,Other Detection Target (if none of the above),Comments,CreationDate,Creator,EditDate,Editor,x,y
3,f1161be4-6d97-4c96-a2d9-96d3a43ceb61,111111,yes,here,hers,5/21/2019 11:52:08 PM,sara,OSU,,5/22/2019 11:52:26 PM,,Private,,osu,11111,01,3,E,5,2,Vegetation,,E,yes,,,,,,,,,,,,dryconifer,,,,ridgetop,,,,,test,5/21/2019 11:53:57 PM,nwbathub1_OSUGISci,5/21/2019 11:53:57 PM,nwbathub1_OSUGISci,-121.331875,44.0454383333333
4,51a76834-4672-4230-b7e5-3a1da90516e5,107915_ne1,yes,climb the hill,screamin eagles,5/22/2019 6:17:58 PM,sara,OSU,,5/23/2019 6:18:19 PM,,USFS,,,51965,24,3,NW,1,1,Vegetation,,NW,yes,,,,,,,,,,,,dryconifer,,,,ridgetop,,,,,,5/22/2019 6:27:41 PM,nwbathub1_OSUGISci,5/22/2019 6:30:23 PM,nwbathub1_OSUGISci,-121.404355000127,44.0644783332244
5,958d567e-8cf6-416a-b595-a6e4e564316d,107915_SE2,yes,"up steep, sloping trail near Tumalo Creek",Strange Crag,5/22/2019 7:25:12 PM,Brittany Stamps,NPS,OSU,5/23/2019 7:25:44 PM,Trent Hawkins,USFS,,,51994,18,3,W,2,1,Vegetation,,W,yes,,,,,,,,,,,,mixedconifer,,,,cliffbottom,,,,,,5/22/2019 7:36:27 PM,nwbathub1_OSUGISci,5/22/2019 7:36:29 PM,nwbathub1_OSUGISci,-121.424757908763,44.0408033615854
6,5755ccb3-85c0-4808-95e7-f2c8bfdbab43,107916_NW1,yes,shelvin park across bridge ,,5/22/2019 9:39:24 PM,Kevin Cortes,OSU,,5/23/2019 9:39:47 PM,,,,,51796,8,3,N,3,1,Vegetation,,,yes,,,,,,,,,,,,mixedconifer,,stream,,,,,,,,5/22/2019 9:51:44 PM,nwbathub1_OSUGISci,5/22/2019 9:53:11 PM,nwbathub1_OSUGISci,-121.376695497932,44.081379745895
7,7dcca365-9f7d-482d-9af5-b5a02683a0e3,107915 _NE1,yes,climb the hill from roadside,,5/22/2019 6:24:00 PM,Kevin Cortes,OSU,,5/23/2019 6:24:38 PM,,USFS,,,51965,24,3,,1,1,Vegetation,,NW,yes,,,,,,,,,,,,dryconifer,,,,ridgetop,,,,,,5/22/2019 6:38:06 PM,nwbathub2_OSUGISci,5/22/2019 6:38:09 PM,nwbathub2_OSUGISci,-121.404309999922,44.0644266667889
8,225adcf7-842c-4891-b0e7-60d72b1feb3f,107915_SE2,yes,up trail from tumalo crk,strange crag,5/22/2019 7:24:46 PM,Andrew lyons-gould,NPS,osu,5/23/2019 7:25:49 PM,,USFS,,,51994,18,3,W,2,1,Vegetation,,W,yes,,,,,,,,,,,,mixedconifer,,stream,,cliffbottom,,,,,detector didn't record. Don't know why.,5/22/2019 7:34:41 PM,nwbathub2_OSUGISci,5/23/2019 5:12:50 PM,nwbathub2_OSUGISci,-121.413200000163,44.0522233335368
9,d4e384e6-7daf-45c2-a79c-f50671c07a4c,107916_NW1,yes,shelvin park trail,,5/22/2019 9:39:10 PM,T hawkins,OSU,,5/23/2019 9:39:26 PM,,Other,City,,51796,8,3,N,3,1,Vegetation,,N,yes,,,,,,,,,,,,mixedconifer,,stream,,,,,,,Raining when deployed,5/22/2019 9:41:01 PM,nwbathub2_OSUGISci,5/22/2019 9:50:57 PM,nwbathub2_OSUGISci,-121.376768333335,44.0813516666466
10,35202346-69c9-4bd4-a814-fb00b0bbcfd3,106989_SE1,yes,off of road other side from power lines,,5/23/2019 10:10:41 PM,Kevin Cortes,OSU,,5/24/2019 10:11:02 PM,,USFS,,,51994,8,3,NE,3,1,Vegetation,,NE,yes,,,,,,,,,,,,dryconifer,,,,,,,,,lava beds,5/23/2019 10:17:13 PM,nwbathub1_OSUGISci,5/23/2019 10:17:14 PM,nwbathub1_OSUGISci,-121.326843617004,43.8870259434216
11,e2f25e66-ae68-43c4-a6c0-0ece7fc7b9ba,106989_SE2,yes,follow the flags,crackintheground,5/23/2019 9:25:11 PM,Sara rose,OSU,,5/24/2019 9:25:29 PM,,USFS,,,51965,18,3,NE,2,1,Vegetation,,N,yes,,,,,,,,,,,,dryconifer,,,,,,,smallgap,,"aiming at large crack in ground, lava rock",5/23/2019 9:43:19 PM,nwbathub2_OSUGISci,5/24/2019 5:17:18 PM,nwbathub2_OSUGISci,-121.327580000178,43.891625000059
12,62b94b5f-db50-484f-9349-9b0709ea6c9d,102361_SE1,yes,Freemont HWY -> Indian Skull Rd for 1.5 mi,,6/4/2019 7:10:51 PM,T. Hawkins,OSU,,6/5/2019 7:11:20 PM,,BLM,,,51737,278,3,SE,1,1,Vegetation,,SE,yes,,,,,,,,,,,,shrub-steppe,,pond,,,,,,,,6/4/2019 7:18:13 PM,nwbathub1_OSUGISci,6/4/2019 7:18:14 PM,nwbathub1_OSUGISci,-120.773571666503,43.0504800002987
13,34d066ed-e9cc-4695-960f-b9aa7bb69166,102361_ne1,yes,hwy 31 to Indian skull,,6/4/2019 7:50:33 PM,Sara Rose,OSU,,6/5/2019 7:51:56 PM,,BLM,,,52167,273,3,N,1,1,Vegetation,,N,yes,,,,,,,,,,,,shrub-steppe,,pond,,,,,,,detector running on firmware v 2.2.6,6/4/2019 7:55:09 PM,nwbathub1_OSUGISci,6/4/2019 7:55:11 PM,nwbathub1_OSUGISci,-120.784633333163,43.0773183330454
14,4d8b525c-64b3-43b8-b371-af1a8bebf9b0,102361_NW1,yes,on Fremont hwy,,6/4/2019 9:54:24 PM,T. Hawkins,OSU,,6/5/2019 9:54:45 PM,,BLM,,,51732,271,3,SW,1,1,RockFeature,,SW,yes,,,,,,,,,,,,shrub-steppe,,,,cliffbottom,,,,,ridge bottom,6/4/2019 10:00:10 PM,nwbathub1_OSUGISci,6/4/2019 10:00:11 PM,nwbathub1_OSUGISci,-120.827323333505,43.0715300003166
15,c3616490-8d11-48fa-b897-3265fdba96ee,102361_sw1,yes,"rim road, hike up gully",,6/4/2019 10:43:19 PM,Sara Rose ,OSU,,6/5/2019 10:43:34 PM,,BLM,,,51735,275,3,S,3,1,Vegetation,,S,yes,,,,,,,,,,,,,,,,ridgetop,,,,,,6/4/2019 10:48:43 PM,nwbathub1_OSUGISci,6/4/2019 10:48:44 PM,nwbathub1_OSUGISci,-120.805476666918,43.0232016663927
16,cae729a7-abc2-462e-9f13-499cb2aebd8f,102366_sw1,no,Christmas valley hwy to small dirt rd to power line road,,6/5/2019 8:22:44 PM,Sara Rose ,OSU,,6/6/2019 8:23:26 PM,,BLM,,,52167,28 & 02,3,S,,0,,,S,yes,,,,,,,,,,,,shrub-steppe,,,,ridgetop,,,,,,6/5/2019 8:21:46 PM,nwbathub1_OSUGISci,6/5/2019 8:34:08 PM,nwbathub1_OSUGISci,-120.237398333561,43.1752266667854
17,fd9290a6-c07c-4689-9933-0634653be7df,102366_ne3,yes,Frederic Butte road,,6/5/2019 9:03:29 PM,Sara Rose ,OSU,,6/6/2019 9:03:36 PM,,BLM,,,51735,,3,NW,,0,None,,W,yes,,,,,,,,,,,,shrub-steppe,,,smallarroyodrygulchtop,,medium,,,,,6/5/2019 9:02:13 PM,nwbathub1_OSUGISci,6/5/2019 9:05:59 PM,nwbathub1_OSUGISci,-120.228549999878,43.2175899999589
18,956462b4-c283-4bed-b791-252259d3cfcb,102366_se4,yes,brimwell to big water tank,,6/5/2019 9:44:28 PM,Sara Rose ,OSU,,6/6/2019 9:44:52 PM,,BLM,,,51737,39,3,E,,0,None,,E,yes,,,,,,,,,,,,shrub-steppe,,pond,,,,,,,,6/5/2019 9:46:47 PM,nwbathub1_OSUGISci,6/5/2019 9:49:34 PM,nwbathub1_OSUGISci,-120.194159999773,43.1403133336317
19,50702610-2ff5-44b3-b945-4a9af4f804c3,102366_nw3,yes,turn at pin,,6/5/2019 10:32:05 PM,Sara Rose ,OSU,,6/6/2019 10:32:14 PM,,BLM,,,52168,270,3,E,,0,None,,S,yes,,,,,,,,,,,,shrub-steppe,,stocktank/trough,,,,,,,,6/5/2019 10:40:33 PM,nwbathub1_OSUGISci,6/5/2019 10:40:35 PM,nwbathub1_OSUGISci,-120.276661666234,43.1829750001065
20,1712b2db-3d2b-46f3-b4f9-dc16e0f044c1,103298_NE2,yes,"from 395 S, turn onto unnamed BLM road and stay right at the fork. go to water body in road.",,6/10/2019 7:21:17 PM,T Hawkins,OSU,,6/11/2019 7:21:32 PM,,BLM,,,52167,9,3,NW,1,0,Vegetation,,W,yes,,,,,,,,,,,,shrub-steppe,,pond,,cliffbottom,,,,,may not be water here every year. be careful for cows.,6/10/2019 7:25:40 PM,nwbathub1_OSUGISci,6/10/2019 7:25:42 PM,nwbathub1_OSUGISci,-119.549634999805,43.5037633332162
21,542655c5-36b1-4f87-97e2-0bcba9665c9d,103298_SE2,yes,from 395 a take BLM road and stay right at the forks,,6/10/2019 8:03:27 PM,T Hawkins,OSU,,6/11/2019 8:03:41 PM,,BLM,,,52173,34 & 15,3,SW,5,1,WaterSource,,SW,yes,,,,,,,,,,,,shrub-steppe,,pond,,,,,,,,6/10/2019 8:09:14 PM,nwbathub1_OSUGISci,6/10/2019 8:09:16 PM,nwbathub1_OSUGISci,-119.528971666874,43.4768116666097
22,f3aa26cb-c4fb-41b4-8b44-0a005cacedc0,102398_sw2,no,,,6/10/2019 8:31:28 PM,Sara Rose ,OSU,,6/11/2019 8:31:42 PM,,BLM,,,52116,271,3,NW,,0,None,,NW,yes,,,,,,,,,,,,shrub-steppe,,,,,,,,open area,,6/10/2019 8:37:18 PM,nwbathub1_OSUGISci,6/10/2019 8:37:20 PM,nwbathub1_OSUGISci,-119.5709233329,43.4530799997753
23,95d6272a-4bd5-4519-8bb4-089156e4ffae,103298_sw1,no,,,6/10/2019 8:48:06 PM,Sara Rose ,OSU,,6/11/2019 8:48:13 PM,,BLM,,,51732,273,3,W,,0,None,,W,yes,,,,,,,,,,,,shrub-steppe,,,,,,,,open area,"one time in microphone cable got pushed in, we pulled it out with pliers. ",6/10/2019 8:54:07 PM,nwbathub1_OSUGISci,6/10/2019 8:56:28 PM,nwbathub1_OSUGISci,-119.590703333548,43.4499533330794
24,bab13b80-4c3b-48ba-8415-6a46c26bfcab,107000_se3,yes,,,6/12/2019 7:23:36 PM,Sara Rose ,OSU,,6/13/2019 7:23:51 PM,,BLM,,,52116,11,3,,,,,,,,,,,,,,,,,,,,,,,,,,,,,6/12/2019 7:24:20 PM,nwbathub1_OSUGISci,6/12/2019 7:24:20 PM,nwbathub1_OSUGISci,-120.002328333568,44.1420349998472
25,545dde63-0acf-4432-8041-7169a3017199,107000_se1,no,,,6/12/2019 8:09:47 PM,Jamie,OSU,,6/13/2019 8:09:59 PM,,BLM,,,51737,41,3,E,3,1,Vegetation,,E,yes,,,,,,,,,,,,shrub-steppe,,river,,,,,,,,6/12/2019 8:11:21 PM,nwbathub1_OSUGISci,6/12/2019 8:11:21 PM,nwbathub1_OSUGISci,-119.994755000327,44.1139483330345
26,2c8e8b22-989e-41b8-9693-efc73096a161,107000_sw2,yes,in between BLM fence and private property. right off hwy,,6/12/2019 9:26:02 PM,Sara Rose ,OSU,,6/13/2019 9:26:19 PM,,BLM,,,52167,274,3,NE,1,1,Vegetation,,N,yes,,,,,,,,,,,,shrub-steppe,,stream,,,,,,,,6/12/2019 9:26:45 PM,nwbathub1_OSUGISci,6/13/2019 5:12:14 PM,nwbathub1_OSUGISci,-120.10467666645,44.1036983336093
27,b754dfc7-011e-459d-a935-cb77bec80151,108373_ne5,no,"olallie trail is what you will walk down, but turn onto the pat saddle trailhead ",,6/13/2019 11:07:13 PM,sara Rose ,OSU,,6/14/2019 11:07:33 PM,,USFS,,,51737,13,3,S,3,1,Vegetation,,SE,yes,,,,,,,,,,,,mixedconifer,,pond,,,,,,,,6/13/2019 11:13:49 PM,nwbathub1_OSUGISci,6/14/2019 4:25:53 PM,nwbathub1_OSUGISci,-122.059953333177,44.0521650000079
28,23db08be-ae78-43b7-9abe-f74dc77c725a,,,,,,,,,,,,,,,,,,,,,,,,,,,,,,,,,,,,,,,,,,,,,6/13/2019 11:45:08 PM,nwbathub1_OSUGISci,6/13/2019 11:45:08 PM,nwbathub1_OSUGISci,-122.049916666713,44.0643099998329
29,999377a6-5b96-4f5b-98b2-66fecb93b6a1,108373_ne6,yes,"east of pat saddle trailhead, on small decommissioned road below a big open area. ",,6/13/2019 11:46:11 PM,Jamie,OSU,,6/14/2019 11:46:14 PM,,USFS,,,52173,278,3,SE,1,1,Vegetation,,SE,yes,,,,,,,,,,,,mixedconifer,,,,,,oldyoungforest,,,"only got 3 files, but when we checked the batteries one seemed to be completely dead and unable to. harge on the charger. ",6/13/2019 11:49:50 PM,nwbathub1_OSUGISci,6/14/2019 4:37:11 PM,nwbathub1_OSUGISci,-122.04993500043,44.0643316664508
30,3ae3273d-4409-466d-9f4b-0ea35e630067,108373_ne7,yes,,,6/14/2019 1:18:24 AM,Sara Rose ,OSU,,6/15/2019 1:18:41 AM,,USFS,,,51732,14,3,N,3,2,Vegetation,,W,yes,,,,,,,,,,,,,,,,,,,,,,6/14/2019 1:22:42 AM,nwbathub1_OSUGISci,6/14/2019 1:22:44 AM,nwbathub1_OSUGISci,-122.096806666504,44.0660916669884
31,0fa69a2c-f40a-4c3c-a47d-6325386fc0cc,100518_nw3,no,,,6/17/2019 10:12:56 PM,Sara Rose ,OSU,,6/18/2019 10:13:11 PM,,BLM,,,52172,39,3,S,,0,None,,E,yes,,,,,,,,,,,,shrub-steppe,,pond,,,,,,dry pond ,"Was recording when retrieved at 8:40, said time was 20:00. When restarted, showed correct time.",6/17/2019 10:20:18 PM,nwbathub1_OSUGISci,6/18/2019 3:53:04 PM,nwbathub1_OSUGISci,-119.690084999967,42.9424683333288
32,d426a8dc-c81d-4dbe-a6ee-25faba70999e,100518_NW1,no,,,6/17/2019 11:12:33 PM,,OSU,,6/18/2019 11:12:44 PM,,BLM,,,52167,5,3,N,3,1,Vegetation,,NE,yes,,,,,,,,,,,,shrub-steppe,,pond,,,,,,,"cows were surrounding pond with bulls, placed detector just outside of their bubble. microphone was turned around upon retrieval.",6/17/2019 11:06:45 PM,nwbathub1_OSUGISci,6/18/2019 4:08:03 PM,nwbathub1_OSUGISci,-119.660896666668,42.9194266664532
33,9be16522-ceaf-458c-afee-e7a5c4442c53,100518_SW1,no,,,6/17/2019 11:32:33 PM,Sara Rose ,OSU,,6/18/2019 11:32:37 PM,,BLM,,,51737,13,3,W,4,1,WaterSource, ,S,yes,,,,,,,,,,,,shrub-steppe,,pond,,,,,,,cow pond,6/17/2019 11:35:06 PM,nwbathub1_OSUGISci,6/18/2019 4:27:31 PM,nwbathub1_OSUGISci,-119.651973432355,42.888269034208
34,1d77be72-cf80-4bd0-8894-e61d53870367,100055_NW3,no,keepin on down the road,,6/17/2019 11:43:13 PM,Jamie Martenson,OSU,,6/18/2019 11:43:28 PM,,BLM,,,52170,271,3,E,,1,WaterSource,,SW,yes,,,,,,,,,,,,shrub-steppe,,pond,,,,,,,cow pond. detector seems frozen. says 19:41 & recording. won't turn back on.,6/17/2019 11:41:48 PM,nwbathub1_OSUGISci,6/18/2019 4:49:43 PM,nwbathub1_OSUGISci,-119.646900538147,42.8679223214212
35,66eeab76-5331-423c-97ad-d3d1058cd5e3,100055_NW2,no,,,6/18/2019 12:03:25 AM,Sara Rose ,OSU,,6/19/2019 12:03:44 AM,,BLM,,,51732,11,3,W,0,0,None,,W,yes,,,,,,,,,,,,shrub-steppe,,pond,,,,,,dry pond,,6/18/2019 12:06:30 AM,nwbathub1_OSUGISci,6/18/2019 4:52:14 PM,nwbathub1_OSUGISci,-119.638055000021,42.8498399999447
36,26333c88-977e-4fdd-b5a6-1bc26f9946f8,100055_nw5,yes,,,6/17/2019 5:05:11 PM,Sara Rose ,OSU,,6/18/2019 5:05:14 PM,,BLM,,,52173,273,3,SE,2,1,Vegetation,,NE,yes,,,,,,,,,,,,shrub-steppe,,,,,small,,,,"original target was pond. couldn't find any pond, dry or otherwise. batteries dead upon retrieval ",6/18/2019 12:15:26 AM,nwbathub1_OSUGISci,6/18/2019 5:09:01 PM,nwbathub1_OSUGISci,-119.628260967617,42.8369597333201
37,d9f76155-1d00-412e-92a0-a4d48fb91432,100055NE1,no,,,6/18/2019 12:41:31 AM,Sara Rose ,OSU,,6/19/2019 12:41:37 AM,,BLM,,,52116,14,3,NE,3,0,None,,NE,yes,,,,,,,,,,,,shrub-steppe,,,,,,,,valleywag ,,6/18/2019 12:48:21 AM,nwbathub1_OSUGISci,6/18/2019 5:31:19 PM,nwbathub1_OSUGISci,-119.558109999944,42.8618166663968
38,10143319-f9f0-4e21-a1a8-f1bae05a9306,100518_NE1,no,,,6/18/2019 1:16:12 AM,Sara Rose ,OSU,,6/19/2019 1:16:17 AM,,BLM,,,51735,09,3,NE,0,0,None,,NE,yes,,,,,,,,,,,,shrub-steppe,,pond,,,,,,,dry cow pond,6/18/2019 1:15:19 AM,nwbathub1_OSUGISci,6/18/2019 5:54:11 PM,nwbathub1_OSUGISci,-119.58966999968,42.9464600001095
39,31f42e3c-5388-4df8-ba31-8791a0263e52,99605_nw1,no,,,6/19/2019 3:52:42 PM,Sara Rose ,OSU,,6/20/2019 3:52:50 PM,,BLM,,,52170,276,3,S,,0,None,,E,yes,,,,,,,,,,,,shrub-steppe,,,,,,,,dry pond,,6/19/2019 3:59:01 PM,nwbathub1_OSUGISci,6/19/2019 3:59:02 PM,nwbathub1_OSUGISci,-118.04076333319,43.0246466668668
40,cd68e9f6-3598-4932-afe7-855095bc212e,99605_nw3,yes,,,6/19/2019 4:31:21 PM,Sara Rose ,OSU,,6/20/2019 4:31:32 PM,,State,,,51735,270,3,SW,,0,None,,NE,yes,,,,,,,,,,,,shrub-steppe,,,,,medium,,,,used to be a pond. may be perennial pond. ,6/19/2019 4:35:49 PM,nwbathub1_OSUGISci,6/19/2019 4:35:50 PM,nwbathub1_OSUGISci,-118.017331666539,43.0480350000337
41,86497920-81d3-4df6-8617-94da8aa4ee4c,99605_sw3,yes,right near private property fenceline,,6/19/2019 5:12:14 PM,Sara Rose ,OSU,,6/20/2019 5:12:21 PM,,BLM,,,51737,275,3,S,2,1,Vegetation,,SW,yes,,,,,,,,,,,,shrub-steppe,,,,,medium,,,,"possible perennial pond. could not get as close to target as would be preferred,  due to private property ",6/19/2019 5:14:10 PM,nwbathub1_OSUGISci,6/19/2019 5:18:07 PM,nwbathub1_OSUGISci,-118.026701666281,43.0055750000413
42,d3621846-b141-4d4c-83a6-70acc126d2d7,99605_sw4,yes,,,6/19/2019 5:27:01 PM,Sara Rose ,OSU,,6/20/2019 5:27:23 PM,,BLM,,,52116,15 & 02,3,NW,3,1,Vegetation,,NW,yes,,,,,,,,,,,,shrub-steppe,,,smallarroyodrygulchbottom,,,,,,dry creek,6/19/2019 5:29:03 PM,nwbathub1_OSUGISci,6/19/2019 5:35:32 PM,nwbathub1_OSUGISci,-118.051085000059,43.0048783333222
43,c6b4b876-2ac5-4705-b1a6-d8c883dbb8f9,99612_se1,no,,,6/19/2019 7:59:10 PM,Sara Rose ,OSU,,6/20/2019 7:59:36 PM,,BLM,,,51732,274,3,SE,,0,None,,NE,yes,,,,,,,,,,,,shrub-steppe,,,,,,,,dry stock tank,wiiiindy,6/19/2019 8:12:55 PM,nwbathub1_OSUGISci,6/19/2019 8:12:57 PM,nwbathub1_OSUGISci,-117.147646666993,43.1280950001866
44,f53e0d39-adb7-4821-ba04-43dcbda59817,99612_SW1,no,,,6/19/2019 8:26:23 PM,Jamie Martenson,OSU,,6/20/2019 8:26:36 PM,,BLM,,,52172, 34 & 31,3,N,0,0,None,,NE,yes,,,,,,,,,,,,shrub-steppe,,,,,large,,,,,6/19/2019 8:34:46 PM,nwbathub1_OSUGISci,6/19/2019 8:34:48 PM,nwbathub1_OSUGISci,-117.171218333386,43.1531149998016
45,8db90e2e-83f3-4f60-9e44-026e740e7d22,99612_NW2,yes,,,6/19/2019 8:49:44 PM,Jamie Martenson,OSU,,6/20/2019 8:49:13 PM,,BLM,,,52173,41,3,SW,2,1,Vegetation,,SW,yes,,,,,,,,,,,,shrub-steppe,,stream,,,,,,,stream and wet meado,6/19/2019 8:56:36 PM,nwbathub1_OSUGISci,6/19/2019 8:57:13 PM,nwbathub1_OSUGISci,-117.187998332887,43.1816616666535
46,05b29b35-10b7-42f0-8b3d-06ae20f05eb5,99612_NE1,,,,6/19/2019 9:10:44 PM,Jamie martenson,OSU,,6/20/2019 9:10:56 PM,,BLM,,,52167,272,3,E,0,0,None,,NE,yes,,,,,,,,,,,,shrub-steppe,,stream,,,,,,,stream runs into wet meadow ,6/19/2019 9:09:20 PM,nwbathub1_OSUGISci,6/19/2019 9:21:43 PM,nwbathub1_OSUGISci,-117.16877836714,43.2096898697675
47,0f0f1195-1cc6-47ab-a414-de207056b955,,,,,,,,,,,,,,,,,,,,,,,,,,,,,,,,,,,,,,,,,,,,,6/20/2019 9:38:02 PM,nwbathub1_OSUGISci,6/20/2019 9:38:02 PM,nwbathub1_OSUGISci,-117.862961666483,42.4185033335641
48,1bdac6a2-a1f0-4181-9907-e9b28136924d,96364_NW1,yes,,,6/20/2019 9:38:52 PM,Jamie,OSU,,6/21/2019 9:39:00 PM,,BLM,,,51735,09,3,SW,2,1,Vegetation,,S,yes,,,,,,,,,,,,shrub-steppe,,pond,,,,,,,dry pond. in the low 40's at night.,6/20/2019 9:42:46 PM,nwbathub1_OSUGISci,6/21/2019 4:25:17 PM,nwbathub1_OSUGISci,-117.862950000062,42.4185066666567
49,309fcccc-0018-44e1-b742-c539dadb611f,96364_NW2,yes,,,6/20/2019 9:54:56 PM,Jamie,OSU,,6/21/2019 9:55:08 PM,,BLM,,,51737,278,3,SW,0,0,None,,SW,yes,,,,,,,,,,,,grassland,,stocktank/trough,,,,,,,"could not get into very rocky ground, tied it to a tub.  in the low 40's at night. pole was leaning, but still upright upon retrieval. ",6/20/2019 9:54:22 PM,nwbathub1_OSUGISci,6/21/2019 4:52:56 PM,nwbathub1_OSUGISci,-117.848138333316,42.4369983335504
50,2d2d703f-d516-4380-8225-5dead2c6fa50,9636_NE3,yes,,,6/20/2019 10:25:45 PM,,OSU,,6/21/2019 10:25:50 PM,,BLM,,,52116,13,3,SE,0,0,None,,SE,yes,,,,,,,,,,,,grassland,,pond,,,,,,, in the low 40's at night.,6/20/2019 10:25:29 PM,nwbathub1_OSUGISci,6/21/2019 4:25:46 PM,nwbathub1_OSUGISci,-117.805236666537,42.4230350001429
51,89209469-3d22-4dc5-ad85-54ad826b0aba,96364_SE1,yes,,,6/20/2019 10:48:22 PM,Jamie,OSU,,6/21/2019 10:48:32 PM,,BLM,,,51732,39,3,S,,0,None,,S,yes,,,,,,,,,,,,grassland,,stocktank/trough,,,,,,,ground is very rocky.  in the low 40's at night.,6/20/2019 10:44:47 PM,nwbathub1_OSUGISci,6/21/2019 4:26:06 PM,nwbathub1_OSUGISci,-117.755844999716,42.4144016669845
52,7e3268ae-a8b3-42d1-9e44-ee4dcc98cce0,95901_NE2,yes,,,6/21/2019 11:47:02 PM,,OSU,,6/22/2019 11:47:09 PM,,BLM,,,52172,271,3,SE,0,0,None,,SE,yes,,,,,,,,,,,,grassland,,,,,large,,,Habitat edge. Sage steppe/grassland.  in the low 40's at night.,,6/20/2019 11:44:34 PM,nwbathub1_OSUGISci,6/22/2019 6:53:02 PM,nwbathub1_OSUGISci,-117.742936666325,42.3536283334298
53,fd6b3568-ae00-4d0c-9bec-fba78be45a2f,95901_SE1,no,,,6/21/2019 12:08:18 AM,Jamie,OSU,,6/22/2019 12:08:28 AM,,BLM,,,52167,05,3,SE,2,1,Vegetation,,SE,yes,,,,,,,,,,,,shrub-steppe,,,smallarroyodrygulchbottom,,,,,,"not a meadow, small, dry,  perennial stream.  in the low 40's at night.",6/21/2019 12:05:31 AM,nwbathub1_OSUGISci,6/21/2019 4:26:52 PM,nwbathub1_OSUGISci,-117.763511667016,42.3200633331187
54,93f9bbd1-ed13-4ad1-b790-3bf763c1f64c,95901_SW2,no,,,6/21/2019 12:30:03 AM,Jamie,OSU,,6/22/2019 12:30:35 AM,,BLM,,,52170,11,3,NE,,1,Other,highway,NE,yes,,,,,,,,,,,,grassland,,,smallarroyodrygulchbottom,,,,,,"right next to roadway, aimed towards small dry creek. in the low 40's at night.",6/21/2019 12:31:06 AM,nwbathub1_OSUGISci,6/21/2019 4:27:06 PM,nwbathub1_OSUGISci,-117.791731953308,42.2856966077507
55,1b9b2161-5b9e-4dbd-ac2b-5c9da39c340a,95901_SW3,yes,replacement site to NW quad,,6/21/2019 10:00:24 PM,Jamie,OSU,,6/23/2019 12:49:41 AM,,BLM,,,52170,273,3,NE,,0,None,,N,yes,,,,,,,,,,,,grassland,,,largecanyonbottom,,,,,"big open canyon, small dry stream on bottom.  in the low 40's at night. batteries dead upon retrieval, but detector seemed to be functioning properly ",,6/21/2019 12:48:06 AM,nwbathub1_OSUGISci,6/21/2019 10:05:25 PM,nwbathub1_OSUGISci,-117.835099892432,42.3125951883216
56,dc5c70db-0a25-499c-8a85-ae488db2dea6,96362_se2,yes,,,6/21/2019 10:59:54 PM,Sara Rose ,OSU,,6/22/2019 11:00:03 PM,,BLM,,,52172,272,3,NW,4,2,RockFeature,,E,yes,,,,,,,,,,,,grassland,,,,cliffbottom,,,,,,6/21/2019 11:03:54 PM,nwbathub1_OSUGISci,6/21/2019 11:03:55 PM,nwbathub1_OSUGISci,-118.007048333478,42.3727133335079
57,8ce03523-dbc6-43dc-a742-0f3965f6a495,96362_ nw2,no,,,6/21/2019 11:55:27 PM,Sara Rose ,OSU,,6/22/2019 11:55:34 PM,,BLM,,,52167,27 & 28,3,N,2,1,Vegetation,,NE,yes,,,,,,,,,,,,shrub-steppe,,,smallarroyodrygulchbottom,,,,,,,6/22/2019 12:02:33 AM,nwbathub1_OSUGISci,6/22/2019 12:02:34 AM,nwbathub1_OSUGISci,-118.08428500011,42.3895216669494
58,97405307-6a25-4083-99f6-5c70273b511d,96362_nw3,yes,,,6/22/2019 12:57:12 AM,Sara Rose ,OSU,,6/23/2019 12:57:20 AM,,BLM,,,52116,274,3,W,2,1,Vegetation,,W,yes,,,,,,,,,,,,,,,smallarroyodrygulchbottom,,,,,,,6/22/2019 1:00:11 AM,nwbathub1_OSUGISci,6/22/2019 1:00:13 AM,nwbathub1_OSUGISci,-118.107424999957,42.3921566668897
59,74fd852a-b244-4689-8201-48189160543d,106063_sw2,yes,parking lot,,6/25/2019 5:09:06 PM,Sara Rose ,OSU,,6/26/2019 5:09:14 PM,,USFS,,,52167,278,3,SW,2,1,Vegetation,,SW,yes,,,,,,,,,,,,mixedconifer,,,,,,forestopenland,,,,6/25/2019 5:11:43 PM,nwbathub1_OSUGISci,6/25/2019 5:11:44 PM,nwbathub1_OSUGISci,-121.326331666225,43.707080000317
60,5b8d6588-8183-48f4-8b4a-e1e05f33525b,106063_NE1,,,,6/25/2019 6:19:23 PM,Jamie,OSU,,6/26/2019 6:19:30 PM,,USFS,,,52173,41,3,SW,,2,WaterSource,,S,yes,,,,,,,,,,,,mixedconifer,,lake,,,,,,forest edge,,6/25/2019 6:21:44 PM,nwbathub1_OSUGISci,6/25/2019 6:21:45 PM,nwbathub1_OSUGISci,-121.270784999995,43.7289650001
61,6b767633-76df-4b05-abc7-a88b3105da7b,106063_se2,no,in grassy marsh just off trail ,,6/25/2019 7:30:02 PM,Sara Rose ,OSU,,6/26/2019 7:30:10 PM,,USFS,,,52170,276,3,SW,3,2,WaterSource,vegetation ,E,yes,,,,,,,,,,,,mixedconifer,,lake,,,,,,marshy area,,6/25/2019 7:38:12 PM,nwbathub1_OSUGISci,6/25/2019 7:38:14 PM,nwbathub1_OSUGISci,-121.270443332963,43.7145550002998
62,af04ab55-46fd-45e0-bc98-c713bfc3ea3f,106063_nw1,no,,,6/25/2019 8:05:41 PM,Sara Rose ,OSU,,6/26/2019 8:05:50 PM,,USFS,,,51735,13,3,NW,2,1,WaterSource,,NE,yes,,,,,,,,,,,,mixedconifer,,stream,,,,,,,calm pool in stream. batteries dead upon retrieval. ,6/25/2019 8:10:15 PM,nwbathub1_OSUGISci,6/26/2019 7:08:17 PM,nwbathub1_OSUGISci,-121.375986666986,43.7168499996957
63,abdd53ed-b865-45fb-9864-81f7996076ac,99117_ne1,yes,follow signs for Campbell reservoir ,,7/1/2019 8:51:22 PM,Sara Rose ,OSU,,7/2/2019 8:51:29 PM,,BLM,,,52172,271,3,S,2,1,Vegetation,,W,yes,,,,,,,,,,,,dryconifer,,lake,,,,,,marshy edge of lake,,7/1/2019 8:56:19 PM,nwbathub1_OSUGISci,7/1/2019 8:59:05 PM,nwbathub1_OSUGISci,-120.954431666459,42.4175466669725
64,4fbfcfe3-b29d-4ad3-8037-2d307173eefd,99117_nw1,yes,"past reservoir,  along NF 3618",,7/1/2019 9:09:07 PM,Sara Rose ,OSU,,7/2/2019 9:09:18 PM,,USFS,,,51735,274,3,NE,1,1,Vegetation,,NE,yes,,,,,,,,,,,,mixedconifer,,stream,,,,,,,"mic was turned somewhat upon pickup, but we checked and it recorded all night.",7/1/2019 9:15:04 PM,nwbathub1_OSUGISci,7/2/2019 5:32:53 PM,nwbathub1_OSUGISci,-120.975281666611,42.427268333048
65,bc3f7da0-0fd3-46dd-b9b4-0c6b25ebdf73,99117_sw1,yes,sprague picnic area,,7/1/2019 9:42:59 PM,Sara Rose ,OSU,,7/2/2019 9:43:06 PM,,USFS,,,51737,09,3,S,2,2,Vegetation,water,W,yes,,,,,,,,,,,,mixedconifer,,river,,,,,,,,7/1/2019 9:47:45 PM,nwbathub1_OSUGISci,7/1/2019 9:47:47 PM,nwbathub1_OSUGISci,-120.965886666755,42.3714016665068
66,d77aa109-783a-45c5-a46e-8362ec89d091,99117_sw2,yes,hike in from fishhole creek road,,7/1/2019 10:27:10 PM,Sara Rose ,OSU,,7/2/2019 10:27:19 PM,,USFS,,,52173,15 & 34,3,SE,,1,Vegetation,,S,yes,,,,,,,,,,,,dryconifer,,,smallarroyodrygulchbottom,,,,,,"very rocky. no way to get rebar into ground. photo with pond was attached accidentally,  no way to remove via tablet.",7/1/2019 10:35:52 PM,nwbathub1_OSUGISci,7/2/2019 11:04:28 PM,nwbathub1_OSUGISci,-120.97172333377,42.3523066663863
67,84653b18-d4ae-43a4-b2bf-2db49d97ed38,99113_NE2,no,,,7/2/2019 7:53:03 PM,Jamie,OSU,,7/3/2019 7:53:14 PM,,BLM,,,52167,11,3,NE,5,1,Vegetation,Aspen trees,E,yes,,,,,,,,,,,,dryconifer,,pond,,,,,,,,7/2/2019 7:53:22 PM,nwbathub1_OSUGISci,7/2/2019 8:03:34 PM,nwbathub1_OSUGISci,-121.386730000354,42.3267799998752
68,ac1208bb-09bb-428d-8000-4b97e16c5082,99113_NW1,no,,,7/2/2019 8:22:47 PM,Jamie Martenson ,OSU,,7/3/2019 8:22:57 PM,,Private,,,52170,273,3,SE,3,1,Vegetation,,SE,yes,,,,,,,,,,,,dryconifer,,lake,,,,,,,"farther from target than would be preferred, due to private land boundary ",7/2/2019 8:22:33 PM,nwbathub1_OSUGISci,7/2/2019 8:32:32 PM,nwbathub1_OSUGISci,-121.431586667092,42.3045683336446
69,5d43eeb6-d8c4-4c35-8e67-77f49a197b47,99113_SE2,no,,,7/2/2019 8:48:00 PM,Jamie,OSU,,7/3/2019 8:48:10 PM,,BLM,,,51737,275,3,SW,1,1,Vegetation,,W,yes,,,,,,,,,,,,dryconifer,,pond,,,,,,,,7/2/2019 8:47:51 PM,nwbathub1_OSUGISci,7/2/2019 8:58:19 PM,nwbathub1_OSUGISci,-121.39616000037,42.2917950003312
70,ee9fc026-0cd2-4605-af96-43c6ac7098b4,99113_SE1,no,,,7/2/2019 9:04:55 PM,Jamie,OSU,,7/3/2019 9:05:07 PM,Sara,BLM,,,52172,270,3,SW,2,1,Vegetation,bitterbrush,SW,yes,,,,,,,,,,,,dryconifer,,,,,,,smallgap,large slash pile,,7/2/2019 9:08:25 PM,nwbathub1_OSUGISci,7/2/2019 9:18:25 PM,nwbathub1_OSUGISci,-121.396627551916,42.2635125441289
71,64eb75e8-c2d1-49b1-acb8-641b0fb27e83,102353_NE1,yes,need access from refuge manager. military road is accessible from the freeway and silver lake road.,,7/3/2019 8:53:55 PM,Sara Rose ,OSU,,7/4/2019 8:54:03 PM,,Other,USFWS,klamath marsh refuge,51735,05,3,NW,,0,None,,NW,yes,,,,,,,,,,,,grassland,,stream,,,,,,,barely any water,7/3/2019 8:56:28 PM,nwbathub1_OSUGISci,7/4/2019 6:18:37 PM,nwbathub1_OSUGISci,-121.737268333057,42.9281900001153
72,6b927a1d-3d45-4189-88bc-6fc25f0b8d39,102353_Se2,yes,turn down [unmapped] side road as you continue onto 430 fs road,,7/3/2019 10:24:55 PM,Jamie and Sara,OSU,,7/4/2019 10:26:17 PM,,Other,USFWS ,Klamath Marsh Wildlife Refuge,52173,26 & 31,3,NE,3,1,Vegetation,,NE,yes,,,,,,,,,,,,mixedconifer,,,,,,forestopenland,,,,7/3/2019 10:35:02 PM,nwbathub1_OSUGISci,7/4/2019 1:04:28 AM,nwbathub1_OSUGISci,-121.698741666528,42.8499033331786
73,6038b3e0-f5ef-4158-8aa7-6201a9714d62,102353_SE1,yes,,,7/3/2019 11:15:50 PM,Jamie and Sara,OSU,,7/4/2019 11:16:58 PM,,Other,USFWS,Klamath Marsh Wildlice Refuge,52116,39,3,NE,,0,None,,NE,yes,,,,,,,,,,,,grassland,,wetland,,,,,,,,7/3/2019 11:17:04 PM,nwbathub1_OSUGISci,7/4/2019 1:01:36 AM,nwbathub1_OSUGISci,-121.735181667026,42.8433366664499
74,c3638e45-335f-4798-9904-4328102c3406,102353_NE2,yes,,,7/4/2019 12:15:51 AM,Jamie and Sara,OSU,,7/5/2019 12:16:12 AM,,Other,USFWS,Klamath Marsh Wildlife Refuge,52172,27 &28,3,E,2,1,Vegetation,,NE,yes,,,,,,,,,,,,grassland,,wetland,,,,,,kinda looks like a stream but it's part of the wetland,,7/4/2019 12:20:25 AM,nwbathub1_OSUGISci,7/4/2019 1:02:37 AM,nwbathub1_OSUGISci,-121.737051666597,42.8843250001073
75,bbf9da75-3431-4531-afa8-f4b3a2788b4c,103298_NE2,no,,,7/8/2019 11:34:48 PM,t. hawkins,OSU,,7/9/2019 11:35:01 PM,,BLM,,,51732,278,3,NW,1,1,Vegetation,,NW,yes,,,,,,,,,,,,shrub-steppe,,,smallarroyodrygulchbottom,cliffbottom,,,,,resurvey,7/8/2019 11:38:06 PM,hawkintr,7/9/2019 2:56:52 PM,hawkintr,-119.549636932081,43.5037636642159
76,32e09319-301c-45c1-b5d9-c47c7fd2136d,103298_SE3,yes,,,7/9/2019 12:22:28 AM,t. hawkins,OSU,,7/10/2019 12:22:41 AM,,BLM,,,52171,06,3,E,2,1,Vegetation,,E,yes,,,,,,,,,,,,shrub-steppe,,pond,,,,,,,resurvey. had to move the detector to the other side of the pond and back a bit,7/9/2019 12:25:14 AM,hawkintr,7/9/2019 3:30:17 PM,hawkintr,-119.529928767012,43.4768743336275
77,c81b2421-be6b-4f91-9b51-541f69e0facc,103298_SW1,no,,,7/9/2019 1:01:09 AM,t. hawkins,OSU,,7/10/2019 1:01:22 AM,,BLM,,,52168,13,3,NW,5,0,None,,NW,yes,,,,,,,,,,,,shrub-steppe,,,smallarroyodrygulchbottom,,,,,,resurvey,7/9/2019 1:03:07 AM,hawkintr,7/9/2019 8:27:42 PM,hawkintr,-119.590670333038,43.4499381665664
78,25b57f69-8eb3-478e-9e5a-4dac7bb64f68,103298_SW2,no,,,7/9/2019 1:27:22 AM,t. hawkins,OSU,,7/9/2019 1:27:38 AM,,BLM,,,52173,41,3,NE,20,0,None,,NE,yes,,,,,,,,,,,,shrub-steppe,,,smallarroyodrygulchbottom,,,,,,resurvey,7/9/2019 1:29:55 AM,hawkintr,7/9/2019 8:32:49 PM,hawkintr,-119.570919427924,43.453076513536
79,2c349ac4-e68d-41e1-89ac-12c804b4877a,100518_NW3,no,,,7/10/2019 10:04:40 PM,t. hawkins,OSU,,7/11/2019 10:04:48 PM,,BLM,,,52171,276,3,W,,0,None,,W,yes,,,,,,,,,,,,shrub-steppe,,,,,,,,dry pond,resurvey ,7/10/2019 10:06:57 PM,hawkintr,7/10/2019 10:07:00 PM,hawkintr,-119.689914916545,42.942517216741
80,91cd3261-7afc-4888-a8c8-0ff13c1903c3,100055_NW3,no,,,7/10/2019 10:55:26 PM,t. hawkins,OSU,,7/11/2019 10:55:34 PM,,BLM,,,51732,273,3,E,,0,None,,E,yes,,,,,,,,,,,,shrub-steppe,,,,,,,,dry pond,resurvey,7/10/2019 10:58:52 PM,hawkintr,7/10/2019 10:58:55 PM,hawkintr,-119.646790499915,42.8678800668211
81,48e0ab6c-3809-408c-9578-a58458affd85,100055_NW1,no,,,7/10/2019 11:22:47 PM,t. hawkins,OSU,,7/11/2019 11:23:01 PM,,BLM,,,52173,41,3,S,,0,None,,S,yes,,,,,,,,,,,,shrub-steppe,,,smallarroyodrygulchbottom,,,,,,resurvey for 100055_NW5,7/10/2019 11:25:28 PM,hawkintr,7/10/2019 11:25:31 PM,hawkintr,-119.628382232994,42.8367313997121
82,10f154fa-0bfe-44fe-9ec4-42c62e05fe74,108393_NE7,yes,,,7/8/2019 7:28:00 PM,Jamie,OSU,,7/9/2019 7:28:09 PM,,BLM,,,51737,274,3,NW,5,1,WaterSource,,W,yes,,,,,,,,,,,,grassland,,stream,,,,,,,,7/8/2019 7:30:26 PM,nwbathub1_OSUGISci,7/8/2019 7:41:20 PM,nwbathub1_OSUGISci,-119.661792640942,44.5157707889272
83,4975a8f1-2027-4061-ba62-65375979a713,108393_ne1,no,,,7/8/2019 7:50:50 PM,Sara Rose ,OSU,,7/9/2019 7:50:57 PM,,NPS,,,52167,271,3,E,2,1,Vegetation,water,S,yes,,,,,,,,,,,,,,river,,,,,,also near bridge ,,7/8/2019 7:52:52 PM,nwbathub1_OSUGISci,7/8/2019 7:52:53 PM,nwbathub1_OSUGISci,-119.633728333625,44.52835833357
84,04042e27-4ebf-44d2-a024-1212b6ec61c1,108393_nw1,yes,,,7/8/2019 9:24:20 PM,Sara Rose ,OSU,,7/9/2019 9:24:31 PM,,BLM,,,52172,09,3,NE,4,2,WaterSource,,NE,yes,,,,,,,,,,,,dryconifer,,stream,,,,,,,look up ownership.  Man named Sandy seemed amicable.  contact beforehand next year. ,7/8/2019 9:26:29 PM,nwbathub1_OSUGISci,7/9/2019 5:06:18 PM,nwbathub1_OSUGISci,-119.693547622705,44.505671986596
85,95d7c64f-7c2c-4b8d-b09f-edba87db5169,108393_ne4,no,park at sign. ,,7/8/2019 9:53:34 PM,Sara Rose ,OSU,,7/9/2019 9:54:07 PM,,NPS,,,52116,02 & 15,3,S,1,2,RockFeature,and vegetation and water,E,yes,,,,,,,,,,,,dryconifer,,river,,,,,,,,7/8/2019 9:57:08 PM,nwbathub1_OSUGISci,7/8/2019 9:57:10 PM,nwbathub1_OSUGISci,-119.623130000022,44.5116599998468
86,a1092af7-c482-4653-87d8-d7a3c9649beb,106083_SW1,no,FS road 763,,7/9/2019 7:06:38 PM,Jamie,OSU,,7/11/2019 7:07:27 PM,,USFS,,,52172,275,3,N,,0,None,,NW,yes,,,,,,,,,,,,mixedconifer,,pond,,,,,,,error message about batteries on retrieval.  only 35 files. left out for second night with new batteries but same CF card. deployed second detector as backup. ,7/9/2019 7:06:18 PM,nwbathub1_OSUGISci,7/10/2019 6:29:53 PM,nwbathub1_OSUGISci,-118.95217166678,44.1327316667658
87,685408c2-7079-49a3-a16b-9a0f58c4ef76,106083_SW2,yes,"fs 706 road, off of the 1606 road",replaced 106083_SE1,7/9/2019 7:32:19 PM,Jamie,OSU,,7/10/2019 7:33:01 PM,,USFS,,,51737,273,3,NE,2,2,Vegetation,,NE,yes,,,,,,,,,,,,mixedconifer,,pond,,,,,,Trough near cow pond,,7/9/2019 7:38:37 PM,nwbathub1_OSUGISci,7/10/2019 4:44:18 PM,nwbathub1_OSUGISci,-118.895546666476,44.1319200000198
88,b5d2f756-0da9-4667-8c12-db0355282724,106083_SE3,yes,,,7/9/2019 7:53:07 PM,Jamie,OSU,,7/10/2019 7:53:20 PM,,USFS,,,52167,05,3,S,4,1,Vegetation,,SW,yes,,,,,,,,,,,,mixedconifer,,stream,,,,forestopenland,,both stream and forest edge is our target,,7/9/2019 7:52:25 PM,nwbathub1_OSUGISci,7/9/2019 7:56:43 PM,nwbathub1_OSUGISci,-118.857278332965,44.1312800000393
89,692abc1e-b0df-4298-9dbc-06fbec4d9756,106083_NE1,no,access from the 997 road,,7/9/2019 9:33:14 PM,Jamie,OSU,,7/10/2019 9:33:32 PM,,USFS,,,52116,11,3,S,4,2,Vegetation,,SE,yes,,,,,,,,,,,,mixedconifer,,stream,,,,,,,lots of cow traffic in this area,7/9/2019 9:33:58 PM,nwbathub1_OSUGISci,7/9/2019 9:46:16 PM,nwbathub1_OSUGISci,-118.864268333498,44.2015383335177
90,26836a2c-6f4e-4f26-9fb5-e0daa23e07f9,106550_SE1,no,,,7/9/2019 11:47:19 PM,Sara Rose ,OSU,,7/10/2019 11:47:27 PM,,USFS,,,51735,270,3,N,3,1,Vegetation,water,NE,yes,,,,,,,,,,,,mixedconifer,,stream,,,,,,bridge,,7/9/2019 11:51:24 PM,nwbathub1_OSUGISci,7/9/2019 11:51:25 PM,nwbathub1_OSUGISci,-118.416721666288,44.3239166666789
91,e706a416-c21a-4641-b83d-5fe215b10e69,106550_se2,no,,,7/10/2019 12:02:28 AM,Sara Rose ,OSU,,7/11/2019 12:02:47 AM,,USFS,,,52170,272,3,E,3,1,Vegetation,water,E,yes,,,,,,,,,,,,mixedconifer,,stream,,,,,,,,7/10/2019 12:07:28 AM,nwbathub1_OSUGISci,7/10/2019 12:07:29 AM,nwbathub1_OSUGISci,-118.402169999833,44.2962633333579
92,47aa5fdd-095a-46b5-937e-e0b4465c1988,106550_ne2,yes,quarry ,,7/10/2019 9:00:02 PM,Sara Rose ,OSU,,7/11/2019 9:01:18 PM,,USFS,,,52170,39,3,SW,3,1,Vegetation,,SW,yes,,,,,,,,,,,,mixedconifer,,,,ridgetop,,,,,,7/10/2019 9:05:59 PM,nwbathub1_OSUGISci,7/10/2019 9:06:00 PM,nwbathub1_OSUGISci,-118.436865000434,44.3521783334653
93,0b1c7270-2441-49f1-8f42-5ba2f5436079,106550_ne2,yes,quarry ,,7/10/2019 9:00:02 PM,Sara Rose ,OSU,,7/11/2019 9:01:18 PM,,USFS,,,52170,39,3,SW,3,1,Vegetation,,SW,yes,,,,,,,,,,,,mixedconifer,,,,ridgetop,,,,,,7/10/2019 9:05:59 PM,nwbathub1_OSUGISci,7/10/2019 9:06:00 PM,nwbathub1_OSUGISci,-118.436865000434,44.3521783334653
94,00694137-5531-464b-804e-c48ad592e9d5,106550_NW1,no,,,7/10/2019 9:40:22 PM,Jamie,OSU,,7/11/2019 9:40:54 PM,,USFS,,,51735,271,3,NW,2,2,Vegetation,sream nearby,NW,yes,,,,,,,,,,,,mixedconifer,,,,,,forestopenland,roadway,stream runs under the roadway,,7/10/2019 9:39:52 PM,nwbathub1_OSUGISci,7/10/2019 9:45:37 PM,nwbathub1_OSUGISci,-118.471140000012,44.3680066665466
95,7fee346b-5b43-4099-bfc0-3786fc5a1f6c,106558_SW1,yes,shirttail creek rd,,7/11/2019 10:43:52 PM,Jamie,OSU,,7/12/2019 10:44:02 PM,,BLM,,,52172,273,3,SW,4,1,Vegetation,,SW,yes,,,,,,,,,,,,shrub-steppe,,,smallarroyodrygulchbottom,,,,,culvert in bottom ,,7/11/2019 10:40:55 PM,nwbathub1_OSUGISci,7/11/2019 10:51:32 PM,nwbathub1_OSUGISci,-117.472131219901,44.4766697634162
96,50d3e1c7-6899-4a3c-951f-c58a78034a8c,106558_SE1,yes,,,7/11/2019 11:11:08 PM,Jamie,OSU,,7/12/2019 11:11:25 PM,,BLM,,,52116,270,3,NE,4,1,Vegetation,,NE,yes,,,,,,,,,,,,shrub-steppe,,,,,,forestopenland,smallgap,,,7/11/2019 11:08:07 PM,nwbathub1_OSUGISci,7/11/2019 11:17:16 PM,nwbathub1_OSUGISci,-117.444369607106,44.4828340152682
97,3eff5a07-0e6f-4e49-807a-d6cc7d3ae679,106558_NE1,yes,,,7/11/2019 11:40:27 PM,Jamie,OSU,,7/12/2019 11:44:16 PM,,BLM,,,51735,272,3,SW,2,1,Vegetation,creek,SW,yes,,,,,,,,,,,,shrub-steppe,,stream,,,,,,,,7/11/2019 11:40:55 PM,nwbathub1_OSUGISci,7/11/2019 11:49:54 PM,nwbathub1_OSUGISci,-117.425526666978,44.5135633334131
98,7da844f3-679c-420e-91b4-824971d127a5,106558_NE2,yes,,,7/12/2019 12:17:53 AM,Jamie,OSU,,7/13/2019 12:17:58 AM,,BLM,,,52170,11,3,W,3,1,Vegetation,"right next to hwy 84, lots of traffic ",NW,yes,,,,,,,,,,,,shrub-steppe,,,,clifftop,,,,,,7/12/2019 12:17:19 AM,nwbathub1_OSUGISci,7/12/2019 12:22:04 AM,nwbathub1_OSUGISci,-117.415136667062,44.5354133330198
99,91050338-0bfa-4fc2-aa28-669028aed5fe,99605_NW1,no,,,7/11/2019 7:42:59 PM,t. hawkins,OSU,,7/12/2019 6:43:28 PM,,BLM,,,51732,"01, 33",3,NE,,0,None,,NE,yes,,,,,,,,,,,,shrub-steppe,,,,,,,,dry pond,2019 resurvey ,7/11/2019 6:45:03 PM,hawkintr,7/11/2019 6:45:05 PM,hawkintr,-118.040635066344,43.0241155664301
100,9ce5f2b5-35c1-41be-86c1-f08623eb32d4,96362_NW1,no,,,7/11/2019 9:12:06 PM,t. hawkins,OSU,,7/12/2019 9:12:18 PM,,BLM,,,52171,"52, 77",3,S,,1,Vegetation,,S,yes,,,,,,,,,,,,shrub-steppe,,stream,,,,,,,,7/11/2019 9:15:29 PM,hawkintr,7/11/2019 9:15:34 PM,hawkintr,-118.058451483629,42.3839574169707
101,96d2e1c1-89e3-43c5-b0d9-b68f5e07dc2e,96362_SW2,yes,,,7/11/2019 10:07:46 PM,t. hawkins,OSU,,7/12/2019 10:07:58 PM,,BLM,,,52173,217,3,N,,0,None,,N,yes,,,,,,,,,,,,shrub-steppe,,,smallarroyodrygulchbottom,,,,,,resurvey 2019,7/11/2019 10:09:39 PM,hawkintr,7/11/2019 10:09:42 PM,hawkintr,-118.072373449935,42.3645598997512
102,56e0032a-2c23-40e7-8b6f-d18ed3e7c610,99612_SW1,no,,,7/12/2019 12:41:59 AM,t. hawkins,OSU,,7/13/2019 12:42:08 AM,,BLM,,,52168,231,3,NE,,0,None,,NE,yes,,,,,,,,,,,,shrub-steppe,,,,,,,,open area,,7/12/2019 12:43:54 AM,hawkintr,7/12/2019 12:43:58 AM,hawkintr,-117.171191920222,43.1530907762188
103,14936109-4f9f-415b-9d3a-9e06370f1e97,99612_NW1,no,,,7/12/2019 1:23:32 AM,t. hawkins,OSU,,7/13/2019 1:23:44 AM,,BLM,,,51636,13 or 6,1,SE,10,2,RockFeature,,SE,yes,,,,,,,,,,,,shrub-steppe,,river,,,,,,,resurvey for 99612_NW2,7/12/2019 1:26:18 AM,hawkintr,7/12/2019 1:26:21 AM,hawkintr,-117.183228049658,43.1939490332439
104,be432860-cbbe-4df0-b7ea-361d508c6ead,110256_nw1,no,,,7/12/2019 8:31:48 PM,Sara Rose ,OSU,,7/13/2019 8:32:01 PM,,USFS,,,52116,275,3,S,2,1,Vegetation,,S,yes,,,,,,,,,,,,mixedconifer,,,smallarroyodrygulchbottom,,,,,,,7/12/2019 8:35:49 PM,nwbathub1_OSUGISci,7/12/2019 8:35:50 PM,nwbathub1_OSUGISci,-118.444409999913,45.1122299999527
105,8087a53d-1953-4cad-8636-8c36aa19fd1e,110256_se1,no,,,7/12/2019 9:06:40 PM,Sara Rose ,OSU,,7/13/2019 9:06:48 PM,,USFS,,,52170,39,3,NW,,2,Vegetation,,NW,yes,,,,,,,,,,,,mixedconifer,,stream,,,,,,,,7/12/2019 9:09:59 PM,nwbathub1_OSUGISci,7/12/2019 9:10:01 PM,nwbathub1_OSUGISci,-118.372026666656,45.0513433335093
106,69efc1f6-af02-4e93-a744-b0897d0391dd,110256_sw1,no,nf5160,,7/12/2019 9:49:06 PM,Sara Rose ,OSU,,7/13/2019 9:49:22 PM,,USFS,,,51735,14,3,NE,2,1,Vegetation,,N,yes,,,,,,,,,,,,mixedconifer,,pond,,,,,,,,7/12/2019 9:51:36 PM,nwbathub1_OSUGISci,7/12/2019 9:51:37 PM,nwbathub1_OSUGISci,-118.430908333769,45.0624383334716
107,8a7ed237-580c-4c5c-b847-6b95f218db96,110256_ne2,yes,,,7/12/2019 10:25:07 PM,Sara Rose ,OSU,,7/13/2019 10:25:16 PM,,USFS,,,51737,271,3,S,3,1,Vegetation,,S,yes,,,,,,,,,,,,,,,smallarroyodrygulchtop,,,,,decommissioned road/flyway/drainage ,,7/12/2019 10:28:50 PM,nwbathub1_OSUGISci,8/29/2019 8:14:12 PM,nwbathub1_OSUGISci,-118.403328333374,45.1011766663881
108,1b1cdbb3-3946-4449-be60-292cfdf31123,113509_nw1,yes,rye ranch road,,7/13/2019 9:01:07 PM,Sara Rose ,OSU,,7/14/2019 9:01:14 PM,,Other,New Peirce/Bonneville ,"cooper, see photo",52170,11,3,S,3,1,Vegetation,,SE,yes,,,,,,,,,,,,dryconifer,,,,,,forestopenland,,,,7/13/2019 9:07:23 PM,nwbathub1_OSUGISci,7/13/2019 9:07:26 PM,nwbathub1_OSUGISci,-117.191746666598,45.9454433332509
109,d58acb11-5e9f-4632-8be7-05191898fea4,113509_SW1,yes,,,7/13/2019 11:07:59 PM,Sara Rose ,OSU,,7/14/2019 11:08:08 PM,,USFS,,,52116,272,3,NW,3,1,Vegetation,,NW,yes,,,,,,,,,,,,dryconifer,,,,,large,,,,,7/13/2019 11:04:30 PM,nwbathub1_OSUGISci,7/13/2019 11:25:38 PM,nwbathub1_OSUGISci,-117.12529173272,45.8893280225993
110,033930de-5e4c-4acb-b882-f1443504c9ff,113509_sw1,yes,,,7/14/2019 12:09:14 AM,Sara Rose ,OSU,,7/15/2019 12:09:21 AM,,USFS,,,51737,273,3,NW,5,1,Vegetation,,NW,yes,,,,,,,,,,,,,,,,,,forestopenland,,,,7/14/2019 12:12:09 AM,nwbathub1_OSUGISci,7/14/2019 12:12:10 AM,nwbathub1_OSUGISci,-117.113178332898,45.9005566668291
111,d4d2c0e1-8d2c-4706-a4b2-3d45d3b3b5c5,113509_se2,yes,,,7/14/2019 12:31:02 AM,Sara Rose ,OSU,,7/15/2019 12:31:09 AM,,USFS,,,52167,270,3,W,4,1,Vegetation,,NW,yes,,,,,,,,,,,,grassland,,,,,,forestopenland,,,,7/14/2019 12:30:34 AM,nwbathub1_OSUGISci,7/14/2019 12:37:16 AM,nwbathub1_OSUGISci,-117.119224999975,45.9174100001224
112,ffc27744-ca67-4b39-a216-37f7b2ba74a7,110266_sw1,no,tiny trail off main trail,,7/14/2019 8:12:01 PM,Sara Rose ,OSU,,7/15/2019 8:12:20 PM,,USFS,"maybe not usfs, last year's map said it was, this year's says its not",,52170,274,3,W,1,2,Vegetation,,NW,yes,,,,,,,,,,,,mixedconifer,,,,ridgetop,,,,,,7/14/2019 8:17:39 PM,nwbathub1_OSUGISci,7/14/2019 8:17:41 PM,nwbathub1_OSUGISci,-117.21570166658,45.2665999998364
113,11d527e5-6f96-4838-93ad-72fc6e378634,110266_sw3,no,,,7/14/2019 8:56:22 PM,Sara Rose ,OSU,,7/15/2019 8:56:33 PM,,USFS,,,52167,09,3,N,3,1,Vegetation,water near by,NE,yes,,,,,,,,,,,,mixedconifer,,,,,medium,,,,"moved slightly from last year up reduce water noise,  but still targeting same meals",7/14/2019 8:59:03 PM,nwbathub1_OSUGISci,7/14/2019 8:59:06 PM,nwbathub1_OSUGISci,-117.226313332979,45.2491966666387
114,38c77e20-bda1-4ebb-ad9c-1e9b00b90874,110266_se1,no,wall down road 1812,,7/14/2019 10:40:11 PM,Sara Rose ,OSU,,7/15/2019 10:40:18 PM,,USFS,,,52172,02 & 15,3,NE,1,2,Vegetation,also water noise,NE,yes,,,,,,,,,,,,mixedconifer,,river,,,,,,Foley leading down towards stream ,,7/14/2019 10:43:02 PM,nwbathub1_OSUGISci,7/14/2019 10:54:53 PM,nwbathub1_OSUGISci,-117.143578333615,45.2707633335642
115,52d93ef3-b7bd-4d86-bf24-fdf4b7e7f1cb,100266_NW1,no,,,7/14/2019 4:47:06 PM,Jamie,OSU,,7/15/2019 4:47:17 PM,,State,,,52116,05,3,NE,4,2,WaterSource,,N,yes,,,,,,,,,,,,mixedconifer,,stream,,,,,,,,7/15/2019 4:50:51 PM,nwbathub1_OSUGISci,7/15/2019 4:52:50 PM,nwbathub1_OSUGISci,-117.208638332977,45.2830533333765
116,d664f2be-f605-4d0c-a117-910e595b5d80,110698_NE2,no,,,7/22/2019 5:19:02 PM,Jamie,OSU,,7/23/2019 5:19:14 PM,,USFS,,,52173,275,3,SW,2,1,Vegetation,,SW,yes,,,,,,,,,,,,shrub-steppe,,stocktank/trough,,,,,,,dry water feature,7/22/2019 5:19:26 PM,nwbathub1_OSUGISci,7/22/2019 5:27:39 PM,nwbathub1_OSUGISci,-121.049449999948,44.7206633332473
117,8cb3dad0-7885-482a-adf2-d368eb4ad86c,110698_NE3,no,,,7/22/2019 5:45:56 PM,Jamie,OSU,,7/23/2019 5:46:07 PM,,USFS,,,51732,14,3,W,4,1,Vegetation,,W,yes,,,,,,,,,,,,shrub-steppe,heavily used by cows,stream,,,,,,,,7/22/2019 5:47:20 PM,nwbathub1_OSUGISci,7/22/2019 5:52:20 PM,nwbathub1_OSUGISci,-121.053878333176,44.7352350002018
118,1be863be-daa3-4d1b-a4fa-3cd0572383fd,110698_NW1,,,,7/22/2019 6:15:02 PM,Jamie,OSU,,7/23/2019 6:15:10 PM,,USFS,,,52171,272,3,E,1,1,Vegetation,,SE,yes,,,,,,,,,,,,shrub-steppe,,,,,medium,,,,,7/22/2019 6:13:21 PM,nwbathub1_OSUGISci,7/22/2019 6:20:30 PM,nwbathub1_OSUGISci,-121.056091667051,44.6930933334634
119,03993146-9de7-4b3d-a5b1-4c1a013190ad,110698_SE1,no,,,7/22/2019 6:51:50 PM,Jamie,OSU,,7/23/2019 6:51:59 PM,,USFS,,,52170,270,3,NE,1,1,Vegetation,attached to shrub,NW,yes,,,,,,,,,,,,shrub-steppe,,spring,,,,,,dry waterbody,dry puddle in road,7/22/2019 6:51:43 PM,nwbathub1_OSUGISci,7/22/2019 7:01:46 PM,nwbathub1_OSUGISci,-121.029865110685,44.6681918886526
120,cf2e4cab-b8d2-475c-a9b3-26afe34d34d2,copy,,,,,,,,,,,,,,,,,,,,,,,,,,,,,,,,,,,,,,,,,,,,7/24/2019 3:24:36 PM,nwbathub1_OSUGISci,7/24/2019 3:24:36 PM,nwbathub1_OSUGISci,-117.208528333372,45.2822050001397
121,19b6d3b5-44bb-4b44-aceb-360c299b3abb,114412_NE1,no,,,7/24/2019 8:44:00 PM,Jamie,OSU,,7/25/2019 8:44:28 PM,,BLM,,,51732,09,3,E,2,1,Vegetation,"a ton of wind, and crispy vegetation ",E,yes,,,,,,,,,,,,grassland,,stocktank/trough,,,,,,,no water in stock tank but there are a ton of bugs,7/24/2019 8:39:56 PM,nwbathub1_OSUGISci,7/24/2019 8:49:45 PM,nwbathub1_OSUGISci,-120.035617730363,45.6625933646608
122,97099162-4532-4dfe-bca8-76b789d7bdc0,114412_NE2,no,,,7/24/2019 9:14:50 PM,Jamie,OSU,,7/25/2019 9:14:58 PM,,Private,,Kip the sheep farmer,52173,274,3,E,7,1,Other,large water tank in front of detector,E,yes,,,,,,,,,,,,grassland,,stocktank/trough,,,,,,,no water present,7/24/2019 9:19:48 PM,nwbathub1_OSUGISci,7/24/2019 9:19:49 PM,nwbathub1_OSUGISci,-120.050686666521,45.6562816664969
123,b3463b91-efff-4b2b-b1ef-ccd2eb41c322,114412_SE1,no,,,7/24/2019 9:37:40 PM,Jamie,OSU,,7/25/2019 9:37:49 PM,,BLM,,,52170,273,3,NE,,0,None,,NE,yes,,,,,,,,,,,,,,stocktank/trough,,,,,,,"no water present. only three files,  but log file allows the detector was functioning normally. ",7/24/2019 9:37:36 PM,nwbathub1_OSUGISci,7/26/2019 11:37:52 PM,nwbathub1_OSUGISci,-120.039880000129,45.6190450001432
124,273591b6-72de-4c6c-a16b-21e3bb230636,114412_SE2,no,,,7/24/2019 9:58:15 PM,Jamie,OSU,,7/25/2019 9:58:28 PM,,BLM,,,52168,11,3,SW,,0,None,,W,no,,,,,,,,,,,,grassland,,,smallarroyodrygulchbottom,,,,,,,7/24/2019 10:01:56 PM,nwbathub1_OSUGISci,7/24/2019 10:01:57 PM,nwbathub1_OSUGISci,-120.041404999918,45.6052649999399
125,909ab7f4-6c35-4bba-a7dc-778f28736369,118555_sw2,yes,,,7/25/2019 9:18:28 PM,Sara Rose ,OSU,,7/26/2019 9:18:35 PM,,State,state lands board,,52170,272,3,S,1,2,Vegetation,,S,yes,,,,,,,,,,,,mixedconifer,,stream,,,,,,,,7/25/2019 9:23:24 PM,nwbathub1_OSUGISci,7/25/2019 9:23:24 PM,nwbathub1_OSUGISci,-123.350968333119,45.7818600000825
126,c200c9cf-1abc-4aee-b27d-98caa71a272d,118555_sw3,yes,"after this, keep left at fork",,7/25/2019 9:55:45 PM,Sara Rose ,OSU,,7/26/2019 9:55:51 PM,,State,state land board,,52173,271,3,E,3,1,Vegetation,,E,yes,,,,,,,,,,,,mixedconifer,,,smallarroyodrygulchbottom,,,forestopenland,,,,7/25/2019 9:59:43 PM,nwbathub1_OSUGISci,7/26/2019 5:16:30 PM,nwbathub1_OSUGISci,-123.36770999971,45.8072133334688
127,5315e3b0-3d87-4676-8db8-637e3ecf3ea0,118555_nw1,no,,,7/25/2019 10:26:28 PM,Sara Rose ,OSU,,7/26/2019 10:26:42 PM,,State,,state lands board,52171,270,3,NE,4,1,Vegetation,water,NE,yes,,,,,,,,,,,,mixedconifer,,pond,,,,,,,,7/25/2019 10:32:21 PM,nwbathub1_OSUGISci,7/26/2019 11:37:21 PM,nwbathub1_OSUGISci,-123.365246666488,45.8367283331919
128,dcd0d623-1d56-46fc-9c4d-04874fa5efed,118555_ne1,no,,,7/25/2019 11:00:03 PM,Sara Rose ,,,7/26/2019 11:00:17 PM,,Private,,logging area with public access,52168,275,3,N,1,2,WaterSource,vegetation,N,yes,,,,,,,,,,,,mixedconifer,,stream,,,,,,,,7/25/2019 11:01:35 PM,nwbathub1_OSUGISci,7/25/2019 11:01:37 PM,nwbathub1_OSUGISci,-123.35404666646,45.8485000002689
129,0496e26d-27a7-4fd7-b482-9df1a6949fd3,114854_NE1,yes,,,7/26/2019 8:13:35 PM,Jamie ,OSU,,7/27/2019 8:14:20 PM,,Private,canby gun and shooting range,,52170,14,3,SE,,0,None,,S,yes,,,,,,,,,,,,hardwood,,river,,,,,,,not sure why photo disappeared...,7/26/2019 8:15:18 PM,nwbathub1_OSUGISci,7/28/2019 12:01:34 AM,nwbathub1_OSUGISci,-122.670051666506,45.2447900001235
130,5599e051-b55e-471a-9673-1f82c9b65dcd,114854_NW1,yes,contact owners first. ,,7/26/2019 8:44:31 PM,Sara Rose ,OSU,,7/27/2019 8:44:40 PM,,Private,,Steve & Charles 5036784255,52173,39,3,E,3,1,Vegetation,,SE,yes,,,,,,,,,,,,urban,,pond,,,,,,,slightly woodsy neighborhood,7/26/2019 8:49:39 PM,nwbathub1_OSUGISci,7/28/2019 12:02:40 AM,nwbathub1_OSUGISci,-122.757321666852,45.23634333319
131,2d55f4c0-4c14-4b7c-83c3-a37251fa719f,114854_sw1,yes,contact Steve aamodt,,7/26/2019 9:15:15 PM,Sara Rose ,OSU,,7/27/2019 9:15:22 PM,,Private,,,51732,26 & 27,3,S,2,1,Vegetation,,S,yes,,,,,,,,,,,,agriculture,,,,,,forestopenland,,,,7/26/2019 9:22:58 PM,nwbathub1_OSUGISci,7/27/2019 11:08:42 PM,nwbathub1_OSUGISci,-122.728370000104,45.1564533332062
132,8eb90470-3843-440b-84d4-bb95a699ad96,114854_SW2,yes,,,7/26/2019 10:27:01 PM,Jamie,OSU,,7/27/2019 10:27:10 PM,,Private,St Joseph Winery,,52168,31 & 34,3,NW,,0,None,,N,yes,,,,,,,,,,,,hardwood,in a winery,pond,,,,,,,,7/26/2019 10:29:29 PM,nwbathub1_OSUGISci,7/26/2019 10:29:30 PM,nwbathub1_OSUGISci,-122.719130000058,45.1901850002992
133,8a2b5e14-716f-4c37-bcea-df1105d0a471,112536_sw1,yes,Contact Beverly Forson,,7/27/2019 6:57:13 PM,Sara Rose ,OSU,,7/28/2019 6:57:19 PM,,Private,,Beverly Forson,52170,11,3,S,1,1,Vegetation,structure,S,yes,,,,,,,,,,,,agriculture,,,,,,,,roost site: barn,owners confirmed  bats are roosting in barn,7/27/2019 6:59:32 PM,nwbathub1_OSUGISci,7/27/2019 6:59:33 PM,nwbathub1_OSUGISci,-122.904181666691,44.6566916664477
134,1338901f-fc66-4e23-856f-098d2abd769b,112536_SE1,yes,,,7/27/2019 8:54:44 PM,Jamie,OSU,,7/28/2019 8:54:56 PM,,Private,west scio museum ,,52173,09,3,S,1,1,Vegetation,,S,yes,,,,,,,,,,,,hardwood,,river,,,,,,,"did not set up the whole 12 feet, on a bank and trees were in the way ",7/27/2019 8:57:23 PM,nwbathub1_OSUGISci,7/28/2019 4:47:45 PM,nwbathub1_OSUGISci,-122.847836666769,44.7044266666223
135,33e6bd34-0b85-4400-85f8-06fa1dbf22a4,112536_SE2,yes,contact ray rebmann,,7/27/2019 9:19:25 PM,Sara Rose ,OSU,,7/28/2019 9:19:56 PM,,Private,,Ray Rebmann,52168,273,3,SW,3,1,Vegetation,,S,yes,,,,,,,,,,,,mixedconifer,,,,,,forestopenland,,,a few lawns near the forest.  ,7/27/2019 9:31:39 PM,nwbathub1_OSUGISci,7/27/2019 11:02:18 PM,nwbathub1_OSUGISci,-122.84192500031,44.6818699997857
136,dffb2e76-97d4-4f50-8890-c2d148aacd2b,112536_sw2,yes,,,7/27/2019 9:58:16 PM,,OSU,,7/28/2019 9:58:33 PM,,Private,,Scott  & Leah Ringham 5419364656,52171,275,3,E,3,1,Building,,E,yes,,,,,,,,,,,,agriculture,,,,,,,,roost site: barn,,7/27/2019 9:57:45 PM,nwbathub1_OSUGISci,7/27/2019 10:03:13 PM,nwbathub1_OSUGISci,-122.907156666824,44.6708283331023
137,fcdf800e-cc99-4771-a7c6-005a4ccf7aaa,101421_SW1,no,,,8/6/2019 5:21:08 PM,Jamie,OSU,,8/7/2019 5:21:46 PM,,USFS,,,52168,271,3,N,,1,WaterSource,,NW,yes,,,,,,,,,,,,mixedconifer,,pond,,,,,,,,8/6/2019 5:18:10 PM,nwbathub1_OSUGISci,8/6/2019 5:26:54 PM,nwbathub1_OSUGISci,-122.41795157963,42.523348455588
138,895beb82-a87d-4b0a-a6e3-ca9ce9c18d19,101421_NW1,no,,,8/6/2019 5:50:27 PM,Jamie,OSU,,8/7/2019 5:50:40 PM,,BLM,,,52171,270,3,NW,,0,None,,NW,yes,,,,,,,,,,,,mixedconifer,,pond,,,,,,,,8/6/2019 5:48:30 PM,nwbathub1_OSUGISci,8/6/2019 5:55:08 PM,nwbathub1_OSUGISci,-122.455402050974,42.5593352456574
139,580751a9-396c-4027-ae69-8e7ac5d91563,101421_NE1,no,,,8/6/2019 6:16:20 PM,Jamie,OSU,,8/7/2019 6:16:32 PM,,BLM,,,52172,39,3,N,1,2,Vegetation,,NE,yes,,,,,,,,,,,,mixedconifer,,stream,,,,,,,,8/6/2019 6:16:40 PM,nwbathub1_OSUGISci,8/6/2019 7:09:50 PM,nwbathub1_OSUGISci,-122.404508333624,42.5923883332948
140,39402c82-7b92-4949-9ab7-9521d1059375,101421_NE2,no,"Go up to Lodgepole rd, and follow FS 32 road down to site. other roads to not connect between the BLM and USFS",,8/6/2019 6:59:44 PM,Jamie,OSU,,8/7/2019 7:05:21 PM,,USFS,,,51732,11,3,S,2,2,Vegetation,pond,SW,yes,,,,,,,,,,,,mixedconifer,,pond,,,,,,,,8/6/2019 6:59:51 PM,nwbathub1_OSUGISci,8/7/2019 7:00:20 PM,nwbathub1_OSUGISci,-122.386515219518,42.5959378906073
142,f2e0061a-3c7b-4432-917f-20e7cf80bd66,106442_nw2,no,,,8/22/2019 9:37:43 PM,Sara Rose ,OSU,,8/23/2019 9:37:50 PM,,USFS,,,52170,270,3,N,2,1,Vegetation,,NE,yes,,,,,,,,,,,,mixedconifer,,,,,small,,,,,8/22/2019 9:44:07 PM,nwbathub1_OSUGISci,8/22/2019 9:44:08 PM,nwbathub1_OSUGISci,-122.663408333027,43.1818749998534
143,b5fe155c-db56-4628-b7ae-51a3221db09c,104662_nw1,no,,,8/22/2019 10:18:11 PM,Sara Rose ,OSU,,8/23/2019 10:18:28 PM,,USFS,,,51735,09,3,SW,1,1,Vegetation,,SW,yes,,,,,,,,,,,,mixedconifer,,,,,,,smallgap,,"I remember this location from last year. the existing point says targeting a pond,  but there is no pond here. and I remember targeting this opening. ",8/22/2019 10:22:31 PM,nwbathub1_OSUGISci,8/22/2019 10:22:48 PM,nwbathub1_OSUGISci,-122.688486666391,43.1691416668023
144,cdf2dbf8-9dd1-4b42-9f79-89eff8282e58,104662_sw3,no,,,8/22/2019 10:52:26 PM,Sara Rose ,OSU,,8/23/2019 10:52:33 PM,,USFS,,,52168,27 & 34,3,S,2,1,Vegetation,,S,yes,,,,,,,,,,,,mixedconifer,,,,,,forestopenland,,,"last year's point says targeting a dry lake bed, there is definitely no lake bed here,  and I remember targeting this opening. ",8/22/2019 11:00:30 PM,nwbathub1_OSUGISci,8/22/2019 11:00:46 PM,nwbathub1_OSUGISci,-122.682183494368,43.1306554898414
145,0d82d2f1-ab55-45d1-ad39-41d298e3553e,104662_SW4,yes,,,8/22/2019 11:14:06 PM,jamie,OSU,,8/23/2019 11:14:15 PM,,USFS,,,52172,11,3,S,1,2,Vegetation,,SE,yes,,,,,,,,,,,,mixedconifer,,,,,,,smallgap,,,8/22/2019 11:13:34 PM,nwbathub1_OSUGISci,8/22/2019 11:19:28 PM,nwbathub1_OSUGISci,-122.670683333068,43.1415016665511
146,cdc21d11-118c-414d-a9f2-d39cb6f5e81c,106504_SW1,no,,,8/23/2019 10:08:57 PM,Jamie,OSU,,8/24/2019 10:09:07 PM,,BLM,ODFW,see attached photo,52168,275,3,SE,2,2,WaterSource,vegetation,SE,yes,,,,,,,,,,,,hardwood,,stream,,,,,,,"says this point is a small forest opening, when arrived at the point there was no opening but there is  stream. So we will be targeting the stream. ",8/23/2019 10:19:55 PM,nwbathub1_OSUGISci,8/23/2019 10:20:57 PM,nwbathub1_OSUGISci,-123.978191666629,43.2337533335361
147,3c1e0024-36ff-49b2-8eae-2f3391b83faa,,,,,,,,,,,,,,,,,,,,,,,,,,,,,,,,,,,,,,,,,,,,,8/23/2019 10:36:25 PM,nwbathub1_OSUGISci,8/23/2019 10:36:25 PM,nwbathub1_OSUGISci,-123.954413547621,43.2424292285458
148,31247a5c-148c-4b24-9c5b-a6b617306ca7,10654_SW3,yes,,,8/23/2019 10:37:27 PM,Jamie,OSU,,8/24/2019 10:37:37 PM,,Private,,ODFW access area,52172,28 & 31,3,NW,2,2,Vegetation,water,N,yes,,,,,,,,,,,,hardwood,,stream,,,,,,Bridge ,,8/23/2019 10:39:18 PM,nwbathub1_OSUGISci,8/24/2019 4:27:18 PM,nwbathub1_OSUGISci,-123.954415000197,43.2424083332758
149,ff8fb0c9-8850-4803-bd5a-2a9ca468e23a,106504_NE2,yes,,,8/23/2019 11:07:43 PM,Jamie,OSU,,8/24/2019 11:08:09 PM,,BLM,ODFW,,51735,39,3,S,1,1,RockFeature,vegetation ,SW,yes,,,,,,,,,,,,hardwood,,,,cliffbottom,,,,,,8/23/2019 11:14:09 PM,nwbathub1_OSUGISci,8/23/2019 11:16:48 PM,nwbathub1_OSUGISci,-123.937521666544,43.2608500002968
150,0b0f79e7-0697-4853-8440-1f86430ca376,106504_NW3,yes,,,8/24/2019 12:14:58 AM,Jamie,OSU,,8/25/2019 12:15:07 AM,,Private,,"public access allowed via ODFW, see photo",52170,272,3,SE,1,1,Vegetation,,SE,yes,,,,,,,,,,,,hardwood,,,,,,oldyoungforest,roadway,,"closed roadway. very close to NW 2, but we couldn't find that forest opening. might be same spot ",8/24/2019 12:07:29 AM,nwbathub1_OSUGISci,8/24/2019 4:21:45 PM,nwbathub1_OSUGISci,-124.00071929932,43.271866141583
151,95d3eda1-c7f1-4099-af46-5e30ad6468b6,103723_se2,yes,"foster bar campground, short trail near site 7.",,8/24/2019 8:56:43 PM,Sara Rose ,OSU,,8/25/2019 8:56:50 PM,,USFS,,,51735,271,3,N,1,2,WaterSource,vegetation,E,yes,,,,,,,,,,,,hardwood,,stream,,,,,,,calm pool in stream,8/24/2019 9:02:38 PM,nwbathub1_OSUGISci,8/24/2019 9:02:39 PM,nwbathub1_OSUGISci,-124.048853333727,42.6345316664634
152,e5c629a2-316a-490b-87a6-f9779d9f5546,103723_sw1,no,drive in from nf110,,8/24/2019 10:37:16 PM,Sara Rose ,OSU,,8/25/2019 10:37:30 PM,,USFS,,,52170,11,3,N,2,1,Vegetation,,NW,yes,,,,,,,,,,,,mixedconifer,,,,,medium,,,,,8/24/2019 10:39:27 PM,nwbathub1_OSUGISci,8/24/2019 10:39:28 PM,nwbathub1_OSUGISci,-124.118164599392,42.6352992733158
153,3a6e470a-deda-4834-8f47-51c0140abc58,103723_nw1,no,,,8/24/2019 11:32:07 PM,Sara Rose ,OSU,,8/25/2019 11:32:13 PM,,USFS,,,52172,274,3,SW,1,1,Vegetation,,W,yes,,,,,,,,,,,,mixedconifer,,,,,,,roadway,,,8/24/2019 11:32:44 PM,nwbathub1_OSUGISci,8/24/2019 11:34:32 PM,nwbathub1_OSUGISci,-124.127615000148,42.6755933331919
154,67d20733-da5e-478b-a816-c0f8a981c9e1,103723_ne1,no,,,8/25/2019 12:59:17 AM,Sara Rose ,OSU,,8/26/2019 12:59:28 AM,,USFS,,,52168,34 & 02,3,S,3,1,Vegetation,water,E,yes,,,,,,,,,,,,mixedconifer,,pond,,,,,,,go up and around to reach tow 200 road for access. ,8/25/2019 12:59:13 AM,nwbathub1_OSUGISci,8/25/2019 5:40:53 PM,nwbathub1_OSUGISci,-124.072838976142,42.703106496244
155,976efd37-1a7c-4074-93f9-058ca5e7dc5d,104189_SW1,yes,,,8/25/2019 8:50:46 PM,Jamie,OSU,,8/26/2019 8:50:58 PM,,USFS,,,52170,270,3,SW,1,2,WaterSource,vegetation ,SE,yes,,,,,,,,,,,,mixedconifer,,stream,,,,,,,also hardwood,8/25/2019 8:48:33 PM,nwbathub1_OSUGISci,8/25/2019 8:58:09 PM,nwbathub1_OSUGISci,-123.849320000061,42.808148333468
156,96b898e9-c40c-4a26-bf0f-917def1114bf,104189_sw2,yes,,,8/25/2019 9:20:14 PM,Sara Rose ,OSU,,8/26/2019 9:20:22 PM,,BLM,,,51735,26 & 27,3,N,1,2,Vegetation,,N,yes,,,,,,,,,,,,mixedconifer,,,,,,oldyoungforest,,,,8/25/2019 9:19:49 PM,nwbathub1_OSUGISci,8/25/2019 11:15:38 PM,nwbathub1_OSUGISci,-123.808623333487,42.7964849997422
157,b7de19ed-7903-4c07-9e23-190ee23e07e3,104189_SE1,yes,,,8/25/2019 9:40:07 PM,Jamie,OSU,,8/26/2019 9:45:31 PM,,BLM,,,52168,09,3,NW,1,1,Vegetation,small rockface,NW,yes,,,,,,,,,,,,mixedconifer,,,,,,,roadway,,,8/25/2019 9:43:32 PM,nwbathub1_OSUGISci,8/26/2019 4:10:33 PM,nwbathub1_OSUGISci,-123.781919999877,42.8045566668739
158,d3fc0dc8-bbb2-4f45-a6e0-84eb8c699888,104189_NE1,yes,,,8/25/2019 10:15:32 PM,Sara Rose ,OSU,,8/26/2019 10:15:42 PM,,Private,,Signs indicate public access,52172,273,3,NW,4,1,Vegetation,,NW,yes,,,,,,,,,,,,mixedconifer,,,,,,forestopenland,,logged open land ,,8/25/2019 10:18:33 PM,nwbathub1_OSUGISci,8/26/2019 4:31:07 PM,nwbathub1_OSUGISci,-123.749837234545,42.8332643059152
159,4d106ff9-8919-4bd4-bf22-7c416587f3f5,101877_nw1,no,,,8/26/2019 6:33:50 PM,Sara Rose ,OSU,,8/27/2019 6:33:58 PM,,BLM,,,52172,11,3,NW,1,2,Vegetation,water,NW,yes,,,,,,,,,,,,mesicforest,,stream,,,,,,small bridge,last year's location is slightly off,8/26/2019 6:42:47 PM,nwbathub1_OSUGISci,8/26/2019 6:42:47 PM,nwbathub1_OSUGISci,-123.322176667103,42.5027666666375
160,cbfffa1c-9e50-4984-b50e-3a919f111a52,101877_ne1,no,,,8/26/2019 7:07:29 PM,Sara Rose ,OSU,,8/27/2019 7:07:38 PM,,BLM,,,52168,271,3,W,1,2,Vegetation,water,W,yes,,,,,,,,,,,,mesicforest,,stream,,,,,,,,8/26/2019 7:11:48 PM,nwbathub1_OSUGISci,8/26/2019 7:12:47 PM,nwbathub1_OSUGISci,-123.248326667059,42.5032883330474
161,f921a67f-0b58-402a-81d1-b46128e94d6a,101877_SW1,no,,,8/26/2019 7:50:20 PM,Jamie,OSU,,8/27/2019 7:50:28 PM,,Other,County Park,,52170,274,3,SE,2,1,Vegetation,river,S,yes,,,,,,,,,,,,hardwood,,river,,,,,,,,8/26/2019 7:51:58 PM,nwbathub1_OSUGISci,8/26/2019 7:52:38 PM,nwbathub1_OSUGISci,-123.282684999753,42.4271933336491
162,4839c473-78b3-4526-94c1-496cc6fbf362,101877_SE2,yes,,,8/26/2019 8:31:20 PM,Jamie,OSU,,8/27/2019 8:31:38 PM,,BLM,,,51735,34 & 02,3,NE,3,1,RockFeature,,E,yes,,,,,,,,,,,,mixedconifer,,,,cliffbottom,,,roadway,,in a shooting range,8/26/2019 8:31:01 PM,nwbathub1_OSUGISci,8/26/2019 8:43:29 PM,nwbathub1_OSUGISci,-123.224864476553,42.4572985096738
163,25692bab-522f-4a3d-8bb1-f986f64ecaae,100487_nw1,no,,,8/27/2019 6:31:53 PM,Sara Rose ,OSU,,8/28/2019 6:32:26 PM,,BLM,,,52170,39,3,E,2,1,Vegetation,,E,yes,,,,,,,,,,,,mesicforest,,,,,,,roadway,,,8/27/2019 6:36:40 PM,nwbathub1_OSUGISci,8/28/2019 4:09:39 PM,nwbathub1_OSUGISci,-123.337061666919,42.2179316667164
164,43d52bba-47d1-4c95-bb2e-0bf35059516c,100487_SE1,no,,,8/27/2019 7:02:39 PM,Jamie,OSU,,8/28/2019 7:03:03 PM,,BLM,,,52168,26 & 27,3,NW,2,2,WaterSource,vegetation ,W,yes,,,,,,,,,,,,mesicforest,,stream,,,,,,,,8/27/2019 6:58:54 PM,nwbathub1_OSUGISci,8/27/2019 7:06:53 PM,nwbathub1_OSUGISci,-123.260889999769,42.1676333332358
165,e1db2bf8-37b3-43d1-9b28-2ae382e9d3a3,100487_SW2,yes,,,8/27/2019 7:17:14 PM,Jamie,OSU,,8/28/2019 7:17:22 PM,,BLM,,,51735,275,3,S,1,1,Vegetation,"loud stream in the background, about 100 ft",S,yes,,,,,,,,,,,,mesicforest,,,,,,,roadway,,"small bridge and stream nearby, to the west of the detector. ",8/27/2019 7:18:52 PM,nwbathub1_OSUGISci,8/27/2019 7:28:54 PM,nwbathub1_OSUGISci,-123.279979999956,42.1604900001092
166,9ef32a57-c3f3-4201-b333-13fb185a382c,100487 _NE1,no,,,8/27/2019 7:53:36 PM,Jamie,OSU,,8/28/2019 7:53:46 PM,,Private,,,52172,09,3,W,4,1,WaterSource,vegetation ,W,yes,,,,,,,,,,,,mesicforest,,stream,,,,,,,,8/27/2019 7:53:30 PM,nwbathub1_OSUGISci,8/27/2019 7:57:21 PM,nwbathub1_OSUGISci,-123.273203333133,42.2066183333243
